<map>
  <size rows="9" cols="7" width="840" height="840"/>
  <suburbs x="673" y="97">
    <greenPlains/>
    <waterside/>
    <trentonPark/>
    <riversideHeights/>
    <trentonSouth/>
    <riversideNorth/>
    <riversideEast/>
    <riverside/>
    <riversideWaters/>
    <canal/>
    <stadium/>
    <docks/>
    <unionBridge/>
    <northWoodEast/>
    <northWood/>
    <trenton/>
    <trentonNorth/>
    <rollingLakeWest/>
    <southHarborEast/>
    <rollingLakeEast/>
    <southHarborWest/>
    <meadowViewWest/>
    <meadowViewEast/>
    <canalParkSouth/>
    <canalPark/>
    <newtownWest/>
    <brookvaleBridge/>
    <canalParkBridge/>
    <newtownBridge/>
    <newtown/>
    <bricksWest/>
    <bricks/>
    <alton/>
    <newtownEast/>
    <uptown/>
    <brookvaleNorth/>
    <brookvaleWest/>
    <brookvaleEast/>
    <brookvaleSouth/>
    <brookvaleBanks/>
    <pinedale/>
  </suburbs>
  <areas>
    <raid name="raid_island" x="4705" y="1905"/>
    <arena name="arena_stadium" x="2960" y="2273"/>
    <aicomp40 name="aicomp97355556664" tl="5051,6549" br="5131,6629"/>
    <aicomp40 name="aicomp694187454441" tl="4826,5820" br="4906,5900"/>
    <aicomp40 name="aicomp69416885544" tl="4697,5347" br="4777,5427"/>
    <aicomp40 name="aicomp9735555" tl="2994,6668" br="3074,6748"/>
    <aicomp40 name="aicomp976556774742" tl="3094,6058" br="3174,6138"/>
    <aicomp40 name="aicomp69414455814" tl="3878,5226" br="3958,5306"/>
    <aicomp50 name="aicomp516464" tl="3029,877" br="3109,957"/>
    <aicomp50 name="aicomp123155" tl="3418,524" br="3498,604"/>
    <aicomp45 name="aicomp5123414" tl="3100,3052" br="3180,3132"/>
    <aicomp45 name="aicomp512567" tl="3727,2827" br="3807,2907"/>
    <aicomp45 name="aicomp562463" tl="4417,3477" br="4497,3557"/>
    <aicomp45 name="aicomp57573" tl="4440,4015" br="4520,4095"/>
    <aicomp40 name="aicomp97474" tl="5012,4792" br="5092,4872"/>
    <aicomp40 name="aicomp5882" tl="3832,4612" br="3912,4692"/>
    <aicomp40 name="aicomp451233" tl="3632,4302" br="3712,4382"/>
    <aicomp30 name="aicomp14549" tl="3405,4857" br="3485,4937"/>
    <aicomp35 name="aicomp164641611" tl="3552,3382" br="3632,3462"/>
    <aicomp35 name="aicomp124563112167" tl="3152,3662" br="3232,3742"/>
    <aicomp35 name="aicomp1245667" tl="2987,4187" br="3067,4267"/>
    <aicomp40 name="aicomp1231" tl="3587,3657" br="3667,3737"/>
    <aicomp20 name="aicomp3123" tl="1162,4572" br="1242,4652"/>
    <aicomp20 name="aicomp3544552" tl="1937,3757" br="2017,3837"/>
    <aicomp15 name="aicomp84665222" tl="2537,2957" br="2617,3037"/>
    <aicomp15 name="aicomp97985461631" tl="1459,2839" br="1539,2919"/>
    <aicomp10 name="aicomp8745121" tl="1924,3190" br="2004,3270"/>
    <aicomp20 name="aicomp12231454" tl="3821,1467" br="3901,1547"/>
    <aicomp15 name="aicomp01122" tl="3152,1402" br="3232,1482"/>
    <aicomp15 name="aicomp044794622" tl="3567,2097" br="3647,2177"/>
    <aicomp15 name="aicomp01231" tl="1177,1887" br="1257,1967"/>
    <aicomp10 name="aicomp575215649874" tl="2297,1922" br="2377,2002"/>
    <aicomp10 name="aicomp145752" tl="887,2662" br="967,2742"/>
    <aicomp10 name="aicomp5984654121" tl="3107,2492" br="3187,2572"/>
    <warehouse name="wh67465856666333" tl="4299,6843" br="4379,7013"/>
    <motelLarge name="motelL19865516655566" tl="5162,6547" br="5272,6637"/>
    <depot name="dep_1242545566655" tl="4382,6887" br="4492,7017"/>
    <highway name="hw_129494988544466" tl="4017,6437" br="4217,6527"/>
    <dock name="dock115335" tl="4687,6432" br="4767,6592"/>
    <militarybase name="mil196655" tl="4867,6548" br="5027,6628"/>
    <militarybase name="mil1966555" tl="4757,6642" br="4837,6802"/>
    <militaryDock name="mdock_65884" tl="4872,6717" br="5022,6867"/>
    <farm name="farm_655588" tl="4987,6292" br="5187,6492"/>
    <farm name="farm25464" tl="3327,6452" br="3527,6652"/>
    <shoppingStripSmall name="ssl_6588112" tl="3142,6222" br="3232,6342"/>
    <trainStationLarge name="tsl_6431555" tl="4475,6738" br="4635,6838"/>
    <trainYard name="ty_98556513" tl="3877,6722" br="3977,6882"/>
    <militarybase name="mil196465333" tl="5088,5972" br="5248,6052"/>
    <militarybase name="mil196453333" tl="5087,5712" br="5247,5792"/>
    <farm name="farm_12333" tl="4417,5922" br="4617,6122"/>
    <militaryDock name="mdock_56688" tl="5242,5813" br="5392,5963"/>
    <shoppingStripSmall name="ssl132414" tl="4362,5332" br="4452,5452"/>
    <trainStationLarge name="tsl_6555" tl="3868,5592" br="3968,5752"/>
    <farm name="farm_334" tl="3529,6138" br="3729,6338"/>
    <trainYard name="ty_65555" tl="3881,6149" br="3981,6309"/>
    <trainStationSmall name="tss_35884744" tl="3887,6462" br="3987,6622"/>
    <motel name="motel113322457" tl="4147,3662" br="4227,3742"/>
    <officeMedium name="off169894131" tl="4147,3382" br="4247,3432"/>
    <parkLarge name="park32123456" tl="4237,3452" br="4287,3552"/>
    <warehouse name="wh135787855" tl="3907,3422" br="4017,3552"/>
    <warehouseMedium name="wh997949742" tl="3827,3382" br="3907,3482"/>
    <store name="com1267897464" tl="4017,3302" br="4067,3352"/>
    <security name="sec12566435565" tl="4027,3492" br="4117,3552"/>
    <superMarketLarge name="com588956511" tl="4547,3582" br="4627,3672"/>
    <store name="stor289744611" tl="4067,3252" br="4117,3352"/>
    <gunStore name="gs9588941442" tl="3732,3497" br="3782,3547"/>
    <depot name="dep_84678977411" tl="3727,3212" br="3837,3342"/>
    <hospital name="hosp7912155441" tl="3797,3582" br="3927,3712"/>
    <resLarge name="res4789446774641" tl="3727,3382" br="3827,3452"/>
    <resLarge name="res47833333311" tl="4147,3452" br="4217,3552"/>
    <street name="strt87741155" tl="4287,3382" br="4317,3552"/>
    <streetSmall name="strt6184677441135" tl="3727,3552" br="3927,3582"/>
    <policeLarge name="pol28977462325" tl="4317,3582" br="4437,3712"/>
    <cityBlock name="cb153451345346566" tl="3952,3582" br="4027,3682"/>
    <resLarge name="res2487946551" tl="3877,3272" br="3947,3352"/>
    <subwayLarge name="sub_9897744142" tl="3917,3352" br="4117,3382"/>
    <cityBlock name="cb12425134513452" tl="4187,3277" br="4287,3352"/>
    <militarybase name="mil19981996585" tl="4322,3388" br="4402,3548"/>
    <hardwareStoreLarge name="wh328844156" tl="4017,3382" br="4117,3462"/>
    <warehouse name="wh6746588154" tl="2757,987" br="2837,1157"/>
    <hardwareStoreLarge name="wh8542315611154" tl="2957,982" br="3037,1082"/>
    <parkLarge name="park8176413325515254" tl="2532,752" br="2642,822"/>
    <cityBlock name="cb1255544125154" tl="2850,982" br="2925,1082"/>
    <hospital name="hosp59232111511" tl="3377,732" br="3497,832"/>
    <motel name="motel1889746223351" tl="4137,612" br="4217,692"/>
    <militarybase name="mil19983284414151" tl="3997,982" br="4077,1142"/>
    <parkLarge name="park817641332551" tl="3709,782" br="3786,937"/>
    <gunStore name="gs958894612251" tl="4087,1092" br="4137,1142"/>
    <depot name="dep_83227974141151" tl="3997,587" br="4127,697"/>
    <policeLarge name="pol298655225551" tl="3527,1042" br="3647,1172"/>
    <security name="sec3894464741351" tl="3522,982" br="3612,1042"/>
    <cityBlock name="cb12555441251" tl="3890,982" br="3965,1082"/>
    <cityBlock name="cb15495512211" tl="3397,1084" br="3497,1159"/>
    <residential name="res4649874441" tl="3357,2881" br="3397,2922"/>
    <residential name="res19679461322" tl="3402,2862" br="3452,2921"/>
    <hospital name="hosp592321115" tl="3987,2522" br="4087,2642"/>
    <resLarge name="res432379742131655221" tl="3887,2952" br="3957,3052"/>
    <constSite name="constr474417412" tl="4147,3022" br="4197,3102"/>
    <motel name="motel18897462233" tl="4147,3102" br="4227,3182"/>
    <streetSmall name="strt61211849461" tl="3329,2792" br="3529,2822"/>
    <militarybase name="mil199832844141" tl="3763,2542" br="3923,2622"/>
    <hardwareStore name="hws18797745613" tl="3187,3132" br="3237,3182"/>
    <office name="off89465223" tl="3427,2742" br="3477,2792"/>
    <officeMedium name="off1689513124" tl="3477,2692" br="3527,2792"/>
    <deptStore name="com5897746451" tl="3597,3042" br="3697,3172"/>
    <superMarketLarge name="com58132511" tl="3987,2672" br="4077,2752"/>
    <parkLarge name="park8176413325" tl="3757,2682" br="3807,2782"/>
    <gunStore name="gs9588946122" tl="3867,2822" br="3917,2872"/>
    <subwayLarge name="sub_989461123523" tl="3327,2922" br="3527,2952"/>
    <street name="strt8989774151" tl="3527,2982" br="3557,3152"/>
    <street name="strt138554415451" tl="3957,3012" br="3987,3182"/>
    <hospital name="hosp197946411" tl="3397,2952" br="3527,3082"/>
    <store name="com11284575121" tl="4147,2572" br="4197,2622"/>
    <store name="stor23846884" tl="3987,2822" br="4087,2872"/>
    <constSite name="constr48744118746" tl="3557,2952" br="3637,3002"/>
    <officeMedium name="off1635415532" tl="3597,2592" br="3697,2642"/>
    <depot name="dep_832279741411" tl="4007,3052" br="4117,3182"/>
    <officeLarge name="off1212456654" tl="3587,2822" br="3697,2922"/>
    <resLarge name="res784677556521132" tl="4147,2672" br="4217,2772"/>
    <policeLarge name="pol2986552255" tl="3561,2672" br="3691,2792"/>
    <security name="sec38944647413" tl="4147,2822" br="4207,2912"/>
    <resLarge name="res7894644131" tl="3867,2672" br="3947,2752"/>
    <residential name="res388877465" tl="3992,2877" br="4042,2927"/>
    <cityBlock name="cb125554412" tl="3277,3027" br="3377,3102"/>
    <cityBlock name="cb154955122" tl="3450,2822" br="3525,2922"/>
    <gunStore name="gs9571688744" tl="4692,5677" br="4742,5727"/>
    <security name="sec386879794" tl="4694,5732" br="4784,5792"/>
    <warehouse name="wh6746585333" tl="4987,5667" br="5067,5837"/>
    <warehouseMedium name="wh18465533" tl="4707,5592" br="4807,5672"/>
    <prison name="prison1255533354" tl="3062,717" br="3167,822"/>
    <security name="sec652441154" tl="3186,753" br="3246,843"/>
    <resLarge name="res7874415154" tl="3148,983" br="3248,1053"/>
    <motelLarge name="motelL19796464554" tl="2757,782" br="2867,872"/>
    <gunStore name="com3879465522154" tl="2872,1117" br="2922,1167"/>
    <warehouseMedium name="wh18465552154" tl="3017,1092" br="3117,1172"/>
    <policeLarge name="pol0284465254" tl="2607,1032" br="2727,1162"/>
    <superMarketLarge name="com6524452354" tl="3207,1082" br="3297,1162"/>
    <security name="sec87741221" tl="4727,3922" br="4817,3982"/>
    <motel name="motel18813125" tl="5167,3902" br="5247,3982"/>
    <prison name="prison1899413523" tl="4797,4792" br="4902,4897"/>
    <motel name="motel188131377444" tl="5217,4612" br="5297,4692"/>
    <policeLarge name="pol389985411755" tl="4157,4792" br="4287,4912"/>
    <hospital name="hosp89941125" tl="3627,4012" br="3757,4142"/>
    <depot name="dep_89746551323244" tl="3917,4012" br="4047,4122"/>
    <security name="sec187464225" tl="3617,3772" br="3677,3862"/>
    <motelLarge name="motelL19671256" tl="4197,3772" br="4287,3882"/>
    <bridge name="brid3" tl="2727,4801" br="2927,4832"/>
    <bridge name="brid2" tl="2786,3181" br="2947,3210"/>
    <bridge name="brid1" tl="2725,3739" br="2865,3774"/>
    <prison name="prison12555333" tl="2972,3237" br="3077,3342"/>
    <security name="sec6524411" tl="3637,3382" br="3697,3472"/>
    <resLarge name="res78744151" tl="2897,3482" br="2997,3552"/>
    <policeLarge name="pol387494755" tl="3097,4012" br="3217,4142"/>
    <depot name="dep_84677441" tl="3117,3772" br="3227,3902"/>
    <motelLarge name="motelL197964645" tl="3137,3212" br="3247,3302"/>
    <motelLarge name="motelL1968558" tl="2897,3772" br="2987,3882"/>
    <motel name="motel11515" tl="2987,4532" br="3067,4612"/>
    <gunStore name="com38794655221" tl="3472,3217" br="3522,3267"/>
    <subway name="sub18858794622" tl="3297,4212" br="3497,4242"/>
    <hospital name="hosp8797412" tl="2947,4412" br="3067,4512"/>
    <depot name="dep_1994413" tl="3097,4692" br="3227,4802"/>
    <subway name="sub_14005946464" tl="3097,4382" br="3297,4412"/>
    <street name="strt7898556621" tl="3097,4802" br="3297,4832"/>
    <policeLarge name="pol2897946155" tl="3107,4422" br="3227,4552"/>
    <superMarketLarge name="com1879746411" tl="2977,4642" br="3067,4722"/>
    <hardwareStoreLarge name="wh9872222" tl="3277,4702" br="3357,4802"/>
    <street name="strt802446651" tl="3067,3772" br="3097,3972"/>
    <officeMedium name="off6557413" tl="3097,3582" br="3197,3632"/>
    <store name="com78985412" tl="2957,4282" br="3007,4382"/>
    <resLarge name="res89744552" tl="2957,4837" br="3057,4907"/>
    <warehouseMedium name="wh184655521" tl="3007,3452" br="3087,3552"/>
    <policeLarge name="pol02844652" tl="3387,3382" br="3507,3512"/>
    <hardwareStore name="hws8984641" tl="3107,4552" br="3157,4602"/>
    <residential name="res84946122" tl="3447,4612" br="3487,4652"/>
    <residential name="res89464521" tl="3507,3381" br="3547,3422"/>
    <residential name="res684987621" tl="3012,4327" br="3062,4377"/>
    <residential name="res1654541" tl="3547,3502" br="3607,3552"/>
    <superMarketLarge name="com65244523" tl="3607,3472" br="3697,3552"/>
    <store name="com19849445" tl="3297,4622" br="3347,4672"/>
    <warehouseMedium name="wh8949741532" tl="3277,4412" br="3357,4512"/>
    <warehouseMedium name="wh98797455" tl="3367,3262" br="3467,3342"/>
    <gunStore name="com9564411" tl="3192,3587" br="3242,3637"/>
    <superMarket name="com98875223233" tl="3342,4837" br="3392,4887"/>
    <officeLarge name="off487411563" tl="3277,3382" br="3387,3542"/>
    <office name="off148633886" tl="3097,3642" br="3147,3692"/>
    <officeMedium name="off2865841" tl="3017,3822" br="3067,3922"/>
    <officeMedium name="off2865885" tl="2897,3882" br="2947,3982"/>
    <deptStore name="com974411" tl="3387,4672" br="3487,4802"/>
    <store name="com1894984541" tl="2897,4112" br="2947,4162"/>
    <superMarketLarge name="com1898574325" tl="2972,4082" br="3062,4162"/>
    <residential name="res52987494655" tl="3027,4012" br="3068,4062"/>
    <residential name="res525674112" tl="3257,4242" br="3298,4292"/>
    <security name="sec8988745565" tl="3277,4152" br="3367,4212"/>
    <residential name="res9985851" tl="3327,4072" br="3367,4112"/>
    <residential name="res687455" tl="3317,4012" br="3367,4071"/>
    <store name="com1865784" tl="3147,4332" br="3197,4382"/>
    <hospital name="hosp984614411" tl="2917,3592" br="3047,3722"/>
    <street name="strt7987844452" tl="3327,3352" br="3527,3382"/>
    <street name="strt89874462" tl="3357,4612" br="3387,4812"/>
    <officeMedium name="off9946655" tl="3387,4412" br="3437,4512"/>
    <superMarket name="com641314552" tl="3582,4527" br="3632,4577"/>
    <residential name="res494611" tl="3437,4502" br="3477,4542"/>
    <resLarge name="res497855622" tl="3517,4412" br="3617,4482"/>
    <streetSmall name="strt398844522" tl="2977,3182" br="3177,3212"/>
    <hospital name="hosp598978745415" tl="3557,3232" br="3657,3352"/>
    <store name="com198495464644445" tl="4857,6302" br="4907,6352"/>
    <security name="sec75479861156665544" tl="4754,6301" br="4824,6351"/>
    <warehouse name="wh6746585336663" tl="4751,6220" br="4904,6292"/>
    <subblock name="subblock6489466655" tl="3047,6782" br="3177,6912"/>
    <residential name="res16965855" tl="4812,5152" br="4862,5212"/>
    <warehouse name="wh145655856665444" tl="4702,5077" br="4812,5207"/>
    <resLarge name="resLrg96885544" tl="4937,5447" br="5067,5567"/>
    <gunStore name="gs95712965844" tl="4422,5157" br="4472,5207"/>
    <parkLarge name="park87658744" tl="4697,5442" br="4758,5567"/>
    <shoppingStripSmall name="ssl132998445322" tl="4547,5597" br="4667,5687"/>
    <resLarge name="res7843658744522" tl="4765,6092" br="4835,6192"/>
    <resLarge name="res784397898444" tl="4836,6092" br="4906,6192"/>
    <subblock name="subblock64894445" tl="3462,5694" br="3592,5824"/>
    <cityBlock name="cb_1879987974" tl="3330,5897" br="3431,5973"/>
    <deptStore name="com58958787" tl="3202,5592" br="3332,5692"/>
    <motel name="motel146845111" tl="2951,5598" br="3031,5678"/>
    <cityBlock name="cb_1879569894411" tl="3039,5921" br="3115,6022"/>
    <policeLarge name="pol29757788" tl="3002,5772" br="3132,5892"/>
    <dock name="dock116555" tl="5433,5174" br="5513,5334"/>
    <security name="sec38944356885" tl="4967,6627" br="5027,6717"/>
    <forest name="forest_78946946" tl="4823,6353" br="4972,6511"/>
    <forest name="forest_25265321" tl="3658,6393" br="3816,6542"/>
    <superMarketLarge name="com581365222" tl="3087,6672" br="3177,6752"/>
    <security name="sec3894325141413" tl="2987,6787" br="3047,6877"/>
    <substreet name="substreet_884132533" tl="4520,6166" br="4734,6225"/>
    <warehouseMedium name="wh899974546665551" tl="4357,6222" br="4457,6302"/>
    <resLarge name="res7846655132" tl="2985,6167" br="3085,6237"/>
    <resLarge name="res432379749797976655221" tl="2982,6052" br="3052,6152"/>
    <resLarge name="res78467751132" tl="2982,6252" br="3052,6352"/>
    <security name="sec38944533" tl="2977,5937" br="3037,6027"/>
    <constSite name="constr474415333" tl="4853,5714" br="4903,5794"/>
    <depot name="dep_12425455153333" tl="4990,6061" br="5120,6171"/>
    <motelLarge name="motelL19796533" tl="4812,5597" br="4902,5707"/>
    <depot name="dep_1242533" tl="3042,5657" br="3172,5767"/>
    <highway name="hw_1256635555" tl="4298,5622" br="4388,5822"/>
    <forest name="forest_536565" tl="4401,5662" br="4552,5823"/>
    <hospital name="hosp59968442511" tl="4047,4972" br="4147,5092"/>
    <resLarge name="res43261211976655221" tl="3992,5202" br="4062,5302"/>
    <constSite name="constr47441655" tl="4692,5242" br="4742,5322"/>
    <deptStore name="com58941449464" tl="3517,5082" br="3617,5212"/>
    <superMarketLarge name="com5894974411" tl="4047,5122" br="4137,5202"/>
    <constSite name="constr497113" tl="3337,5057" br="3417,5107"/>
    <resLarge name="res7843251132" tl="4207,5122" br="4277,5222"/>
    <security name="sec38655413" tl="4357,5117" br="4417,5207"/>
    <street name="strt8946536555" tl="3918,5307" br="4118,5337"/>
    <cityBlock name="cb_1879741944543" tl="3521,5226" br="3621,5301"/>
    <security name="sec656614545" tl="3517,5337" br="3577,5427"/>
    <motelLarge name="motelL195416133125" tl="3222,5227" br="3312,5337"/>
    <forest name="forest_6459855" tl="3468,5717" br="3626,5866"/>
    <constSite name="constr49465235" tl="4147,5337" br="4227,5387"/>
    <forest name="forest_2655" tl="4772,5431" br="4923,5592"/>
    <highway name="hw_1294949412" tl="3147,5368" br="3237,5568"/>
    <motel name="motel146423551" tl="4247,5484" br="4327,5564"/>
    <parkLarge name="park8874146655" tl="3337,5338" br="3415,5493"/>
    <gunStore name="gs984464" tl="3247,4972" br="3297,5022"/>
    <depot name="dep_83655141151" tl="4537,5102" br="4667,5212"/>
    <policeLarge name="pol2986655" tl="5027,5077" br="5147,5207"/>
    <substreet name="substreet_884655251" tl="4471,5350" br="4530,5565"/>
    <subblock name="subblock648584144" tl="3562,5436" br="3692,5566"/>
    <hospital name="hosp79129494554" tl="3692,5437" br="3822,5567"/>
    <streetSmall name="strt9965511" tl="4357,5210" br="4557,5240"/>
    <policeLarge name="pol297974414" tl="3334,5184" br="3464,5304"/>
    <street name="strt88797446411333345165" tl="2528,954" br="2728,984"/>
    <constSite name="constr41315844211" tl="3417,647" br="3497,697"/>
    <substreet name="substreet_884132355251" tl="3938,514" br="3997,729"/>
    <resLarge name="res47979764646441151" tl="3817,982" br="3887,1082"/>
    <street name="strt887123144544113333451" tl="3647,542" br="3677,742"/>
    <resLarge name="resLrg99846451051" tl="3525,664" br="3599,744"/>
    <constSite name="constr4896414123" tl="4207,4242" br="4287,4292"/>
    <cityBlock name="cb_1879797441543" tl="5037,4684" br="5137,4759"/>
    <cityBlock name="cb_1976998885543" tl="4030,4412" br="4105,4512"/>
    <store name="stor31648411" tl="4927,3932" br="5027,3982"/>
    <superMarket name="com132278544" tl="4842,3807" br="4892,3857"/>
    <constSite name="constr413158442" tl="4317,3932" br="4397,3982"/>
    <substreet name="substreet_8841323552" tl="4693,4284" br="4907,4343"/>
    <resLarge name="res479797646464411" tl="5077,4292" br="5147,4392"/>
    <parkLarge name="park87854444562" tl="5202,4294" br="5272,4370"/>
    <deptStore name="com58979797441132" tl="4537,4482" br="4667,4582"/>
    <store name="stor2897946774443" tl="4417,4242" br="4467,4342"/>
    <street name="strt891135877465" tl="4887,3772" br="5087,3802"/>
    <warehouseMedium name="wh889974611" tl="4557,4132" br="4657,4212"/>
    <warehouse name="wh5894461111" tl="4797,4012" br="4907,4142"/>
    <resLarge name="res478897974464155" tl="4427,3802" br="4527,3872"/>
    <depot name="dep_3334777494411" tl="4327,4452" br="4437,4582"/>
    <highway name="hw_125863164522" tl="5117,4042" br="5207,4242"/>
    <gunStore name="gs9571899463352541" tl="5032,3927" br="5082,3977"/>
    <superMarketLarge name="com5831774441" tl="4557,4012" br="4637,4102"/>
    <constSite name="constr8979746411558411" tl="5117,3902" br="5167,3982"/>
    <street name="strt887974464113333451" tl="4527,4012" br="4557,4212"/>
    <streetSmall name="strt8974115" tl="4327,4212" br="4527,4242"/>
    <subwayLarge name="sub_1813228577" tl="4947,4242" br="5147,4272"/>
    <residential name="res1699151555" tl="5217,4972" br="5267,5032"/>
    <residential name="res269866511155" tl="4417,4991" br="4467,5032"/>
    <residential name="res1699224453" tl="4357,4982" br="4417,5032"/>
    <resLarge name="res47332858885441" tl="4397,4792" br="4467,4892"/>
    <resLarge name="res499855624" tl="4327,4792" br="4397,4892"/>
    <gunStore name="gs9512222511" tl="4934,4612" br="4984,4662"/>
    <streetSmall name="strt99854411" tl="4317,4582" br="4517,4612"/>
    <street name="strt89124415451" tl="4667,4832" br="4697,5032"/>
    <parkLarge name="park81485562" tl="4107,4802" br="4157,4902"/>
    <motelLarge name="motelL19865516" tl="3587,4712" br="3697,4802"/>
    <gunStore name="gs9598613111" tl="3952,4417" br="4002,4467"/>
    <superMarketLarge name="com18913755" tl="4197,4682" br="4287,4762"/>
    <street name="strt894615521" tl="4087,4382" br="4287,4412"/>
    <gunStore name="gs957129895442" tl="4615,4613" br="4665,4663"/>
    <superMarketLarge name="com58955211" tl="4487,4792" br="4567,4882"/>
    <policeLarge name="pol29865555" tl="4777,4642" br="4907,4762"/>
    <warehouseMedium name="wh8668955111" tl="5067,4432" br="5147,4532"/>
    <subwayLarge name="sub_18995547894" tl="4467,4762" br="4667,4792"/>
    <warehouse name="wh14565585555" tl="4937,4432" br="5067,4542"/>
    <depot name="dep_1242545512675" tl="4697,4902" br="4807,5032"/>
    <subwayLarge name="sub_1199746225" tl="3717,4612" br="3747,4812"/>
    <streetSmall name="strt984611411" tl="3827,4582" br="4027,4612"/>
    <streetSmall name="strt008994941" tl="3398,3980" br="3598,4010"/>
    <hardwareStore name="hws21244451255" tl="3377,3932" br="3427,3982"/>
    <hardwareStore name="hws744122566" tl="3777,4062" br="3827,4112"/>
    <officeMedium name="off894461122" tl="4017,3932" br="4117,3982"/>
    <residential name="res4497746111" tl="3372,3582" br="3422,3641"/>
    <residential name="res2128446511" tl="3507,3632" br="3567,3682"/>
    <residential name="res5732512871" tl="4076,3772" br="4117,3822"/>
    <streetSmall name="strt61211233512" tl="4287,3772" br="4317,3972"/>
    <hardwareStore name="hws1731123278" tl="3897,3772" br="3947,3822"/>
    <warehouseMedium name="wh899974541" tl="3977,4862" br="4077,4942"/>
    <residential name="res20612562229" tl="3767,3781" br="3817,3822"/>
    <streetSmall name="strt7699856111" tl="3828,4013" br="3858,4213"/>
    <officeMedium name="off158886111" tl="3777,4112" br="3827,4212"/>
    <gunStore name="gs959741322" tl="3772,3927" br="3822,3977"/>
    <residential name="res16998499553" tl="4047,4527" br="4107,4577"/>
    <resLarge name="res67998464" tl="4107,4512" br="4207,4582"/>
    <security name="wh4711784445" tl="3687,4832" br="3747,4922"/>
    <store name="com211245566" tl="3427,3582" br="3477,3632"/>
    <office name="off418655552" tl="4317,4712" br="4367,4762"/>
    <officeMedium name="off402145665" tl="3277,3772" br="3327,3872"/>
    <hospital name="hosp108641324" tl="3517,4832" br="3637,4932"/>
    <residential name="res919984641" tl="3637,4832" br="3687,4873"/>
    <residential name="res3988414146" tl="3542,4237" br="3592,4287"/>
    <residential name="res491661333" tl="3277,3942" br="3327,3983"/>
    <resLarge name="res4761514" tl="3327,3772" br="3397,3872"/>
    <store name="com126774321" tl="3427,3772" br="3477,3822"/>
    <store name="com135522343" tl="3477,4012" br="3527,4062"/>
    <residential name="res41578844111" tl="3527,4012" br="3577,4062"/>
    <warehouse name="wh589448411" tl="4157,4012" br="4287,4122"/>
    <officeLarge name="off24986774" tl="3927,4612" br="4087,4722"/>
    <security name="sec7547986115" tl="3662,4617" br="3712,4687"/>
    <residential name="res439884611" tl="3868,4242" br="3927,4292"/>
    <deptStore name="com14894641552" tl="3467,4102" br="3597,4202"/>
    <residential name="res339841615562" tl="4077,4332" br="4127,4382"/>
    <residential name="res4298941651" tl="4027,4342" br="4067,4382"/>
    <superMarket name="com43664212" tl="4147,3772" br="4197,3822"/>
    <residential name="res29989811543" tl="4038,4162" br="4097,4212"/>
    <residential name="res2812578789" tl="3962,3937" br="4012,3987"/>
    <residential name="res276125548119" tl="3742,3847" br="3792,3897"/>
    <residential name="res355984823" tl="3912,4747" br="3962,4797"/>
    <residential name="res985661132" tl="3922,4247" br="3972,4297"/>
    <residential name="res23189946162" tl="3962,4327" br="4012,4377"/>
    <residential name="res3189844641" tl="3717,4162" br="3777,4212"/>
    <residential name="res206612577674" tl="3862,4071" br="3912,4112"/>
    <residential name="res21166223998" tl="4047,4011" br="4097,4052"/>
    <deptStore name="com108494611" tl="3697,4412" br="3797,4542"/>
    <residential name="res37998641166" tl="3748,4712" br="3807,4762"/>
    <residential name="res89994945" tl="3877,4542" br="3918,4582"/>
    <street name="strt59984561" tl="4077,4212" br="4277,4242"/>
    <superMarketLarge name="com578989841165" tl="3947,4132" br="4037,4212"/>
    <officeMedium name="off1698644144" tl="4177,4632" br="4277,4682"/>
    <office name="off11197745" tl="3817,4242" br="3867,4292"/>
    <officeLarge name="off149494611" tl="3827,4412" br="3937,4512"/>
    <residential name="res269866511" tl="3827,4532" br="3868,4582"/>
    <hospital name="hosp791245132200" tl="4537,4902" br="4667,5032"/>
    <resLarge name="resLrg998464510" tl="5177,4442" br="5297,4572"/>
    <militarybase name="mil1959997445" tl="4747,4432" br="4907,4512"/>
    <militarybase name="mil19974611353" tl="3747,4832" br="3907,4912"/>
    <parkLarge name="park87221444562" tl="4987,4971" br="5112,5032"/>
    <constSite name="constr4733587412" tl="4702,4792" br="4752,4872"/>
    <substreet name="substreet_879214622" tl="4907,4792" br="4966,4992"/>
    <substreet name="substreet_879864551" tl="5147,4612" br="5206,4812"/>
    <highway name="hw_1256654146" tl="5119,4832" br="5209,5032"/>
    <motelLarge name="motelL195416133166625" tl="3290,6860" br="3380,6970"/>
    <substreet name="substreet_8846556666251" tl="3413,6913" br="3627,6972"/>
    <policeLarge name="pol289796666" tl="3627,6652" br="3747,6782"/>
    <hardwareStore name="hws89846416666" tl="3627,6782" br="3677,6832"/>
    <warehouseMedium name="wh894974153266666" tl="3737,6781" br="3817,6881"/>
    <officeMedium name="off994665566666" tl="3767,6652" br="3817,6752"/>
    <residential name="res4946116666" tl="3627,6832" br="3667,6872"/>
    <parkLarge name="park81454112" tl="3660,5607" br="3810,5682"/>
    <militarybase name="mil19648744" tl="3357,6272" br="3517,6352"/>
    <shoppingstrip name="shoppingstrip_136565522" tl="3212,6716" br="3383,6814"/>
    <subblock name="subblock1235564554" tl="4197,6062" br="4327,6192"/>
    <prison name="prison12555226" tl="3294,6040" br="3399,6145"/>
    <shoppingstrip name="shoppingstrip_11533" tl="3138,5806" br="3236,5977"/>
    <subblock name="subblock165554" tl="4537,5442" br="4667,5572"/>
    <militarybase name="mil1964613555" tl="3653,4972" br="3813,5052"/>
    <militarybase name="mil1646411589865" tl="3887,4972" br="4047,5052"/>
    <aicomp30 name="aicomp225554141" tl="2167,5127" br="2247,5207"/>
    <aicomp30 name="aicomp15897489749" tl="2277,4807" br="2357,4887"/>
    <aicomp30 name="aicomp1234545" tl="2052,5872" br="2132,5952"/>
    <aicomp30 name="aicomp1535433" tl="2045,5395" br="2125,5475"/>
    <aicomp25 name="aicomp4522311" tl="992,5022" br="1072,5102"/>
    <aicomp25 name="aicomp19744644" tl="2442,4682" br="2522,4762"/>
    <aicomp25 name="aicomp1745" tl="1167,5247" br="1247,5327"/>
    <aicomp25 name="aicomp154123" tl="2048,4099" br="2128,4179"/>
    <forest name="forest_252" tl="2818,517" br="2976,666"/>
    <streetSmall name="strt7652555154" tl="3118,983" br="3148,1183"/>
    <highwaySmall name="hw_5484857415154" tl="2906,782" br="2976,952"/>
    <officeMedium name="off412234176554" tl="2537,1072" br="2587,1172"/>
    <constSite name="constr4946551165" tl="2757,903" br="2837,953"/>
    <highwaySmall name="hw_54848574151" tl="3629,769" br="3699,954"/>
    <shoppingstrip name="shoppingstrip_112352" tl="2692,521" br="2790,692"/>
    <shoppingstrip name="shoppingstrip_251" tl="3753,573" br="3851,744"/>
    <shoppingstrip name="shoppingstrip_111" tl="3326,920" br="3497,1018"/>
    <forest name="forest_254" tl="3153,523" br="3302,681"/>
    <forest name="forest_151" tl="3814,807" br="3971,955"/>
    <subblock name="subblock12355254" tl="2537,822" br="2667,952"/>
    <subblock name="subblock11212" tl="3527,521" br="3657,651"/>
    <subblock name="subblock151" tl="4087,822" br="4217,952"/>
    <constSiteSmall name="constr898957745511" tl="1437,1512" br="1487,1592"/>
    <constSiteSmall name="constr848465511" tl="1822,3182" br="1872,3262"/>
    <constSiteSmall name="constr8484111" tl="3567,2002" br="3617,2082"/>
    <constSiteSmall name="constr897946411" tl="2847,1222" br="2927,1272"/>
    <constSiteSmall name="constr18556221" tl="767,1172" br="847,1222"/>
    <constSiteSmall name="constr128792325" tl="1237,2182" br="1317,2232"/>
    <constSiteSmall name="constr95955111" tl="1412,2952" br="1462,3032"/>
    <highwaySmall name="hw_12244111" tl="697,2032" br="787,2232"/>
    <highwaySmall name="hw_19316442" tl="729,3442" br="929,3532"/>
    <highwaySmall name="hw_548485741" tl="4107,1182" br="4197,1382"/>
    <highwaySmall name="hw_197954" tl="1517,752" br="1607,952"/>
    <parkMedium name="park9885644411" tl="1077,2392" br="1137,2452"/>
    <parkMedium name="park47655235611478" tl="762,2872" br="822,2932"/>
    <parkMedium name="park85325974652" tl="1717,3182" br="1777,3242"/>
    <parkMedium name="park4788455332114" tl="3667,1842" br="3727,1902"/>
    <parkMedium name="park49494166419747" tl="1257,982" br="1317,1042"/>
    <parkMedium name="park8949464555411" tl="2367,1417" br="2427,1477"/>
    <resLarge name="res2458464132552" tl="4327,4242" br="4407,4312"/>
    <cityBlock name="cb7997799779465213" tl="4672,3802" br="4747,3902"/>
    <resLarge name="res21358846555874" tl="4847,3902" br="4917,3982"/>
    <cityBlock name="cb_188464411" tl="2367,3522" br="2442,3622"/>
    <cityBlock name="cb_1888888" tl="1482,3982" br="1557,4082"/>
    <cityBlock name="cb_1677777" tl="2427,4577" br="2527,4652"/>
    <cityBlock name="cb_1666666" tl="797,4792" br="872,4892"/>
    <cityBlock name="cb_1555555" tl="1917,5637" br="2017,5712"/>
    <cityBlock name="cb_144444" tl="2387,5052" br="2462,5152"/>
    <cityBlock name="cb_13333333" tl="3327,4242" br="3402,4342"/>
    <cityBlock name="cb_1222222" tl="3507,3772" br="3582,3872"/>
    <cityBlock name="cb156532314122" tl="4323,4112" br="4398,4212"/>
    <officeMedium name="off289441" tl="4807,4152" br="4907,4202"/>
    <officeLarge name="off3124884" tl="4677,4012" br="4787,4112"/>
    <militarybase name="mil199816564641" tl="4127,4302" br="4287,4382"/>
    <constSite name="constr49465511" tl="3167,3382" br="3247,3432"/>
    <parkLarge name="park086477441" tl="2897,4012" br="2947,4112"/>
    <subwayLarge name="sub_989554142" tl="3277,3552" br="3477,3582"/>
    <subwayLarge name="sub_87974156" tl="3247,3772" br="3277,3972"/>
    <highway name="hw_8645152" tl="2842,4182" br="2932,4382"/>
    <militarybase name="mil19787964641" tl="3124,4846" br="3284,4926"/>
    <constSite name="constr9854622" tl="2957,4752" br="3037,4802"/>
    <constSite name="constr48974123" tl="3227,4302" br="3297,4382"/>
    <depot name="dep_128794651311" tl="2417,5312" br="2527,5442"/>
    <militarybase name="mil1187955" tl="1627,4332" br="1787,4412"/>
    <militarybase name="mil11879453" tl="2047,4832" br="2127,4992"/>
    <militarybase name="mil112387974964" tl="2157,5592" br="2237,5752"/>
    <depot name="dep_78845665" tl="1377,4282" br="1487,4412"/>
    <depot name="dep_9878556" tl="1117,4792" br="1247,4902"/>
    <depot name="dep_1287945455" tl="1817,5362" br="1947,5472"/>
    <depot name="dep_1289794655" tl="2557,4682" br="2687,4792"/>
    <depot name="dep_1243345" tl="1907,4052" br="2017,4182"/>
    <resLarge name="res4085111512" tl="1917,5802" br="2017,5872"/>
    <warehouse name="wh004115226" tl="1567,5842" br="1697,5952"/>
    <warehouse name="wh98005222224563" tl="1539,5464" br="1709,5544"/>
    <hardwareStoreLarge name="wh9877058542414" tl="2277,5222" br="2357,5322"/>
    <residential name="res12312804419" tl="2277,5181" br="2317,5222"/>
    <officeLarge name="off4490281722" tl="2047,5022" br="2207,5132"/>
    <officeLarge name="off8790854100" tl="2277,4892" br="2387,4992"/>
    <store name="com320847712058520" tl="1872,4792" br="1922,4892"/>
    <hardwareStore name="hws98508464045520" tl="2477,5102" br="2527,5152"/>
    <policeLarge name="pol_0184642597946" tl="2127,4862" br="2247,4992"/>
    <street name="strt7432511202" tl="2327,4992" br="2527,5022"/>
    <warehouseMedium name="wh11708522061" tl="1937,5112" br="2017,5212"/>
    <warehouse name="wh00152033" tl="1817,4902" br="1947,5012"/>
    <substreet name="substreet_883123400023" tl="2527,5272" br="2586,5472"/>
    <parkLarge name="park8970058978646122" tl="2557,5472" br="2697,5552"/>
    <substreet name="substreet_888544100023" tl="2667,5182" br="2726,5382"/>
    <hospital name="hosp79008751152200" tl="2397,5182" br="2527,5312"/>
    <store name="com3255258520" tl="1817,4792" br="1867,4892"/>
    <resLarge name="res410850412" tl="2427,5472" br="2527,5542"/>
    <superMarketLarge name="com800876546412" tl="2447,4832" br="2527,4922"/>
    <deptStore name="com1088745512" tl="2277,5422" br="2377,5552"/>
    <resLarge name="resLrg7085652130" tl="2557,4832" br="2677,4962"/>
    <residential name="res6891100856522" tl="2556,5012" br="2597,5062"/>
    <resLarge name="res200854461" tl="2557,5072" br="2627,5152"/>
    <gunStore name="com5689510065462" tl="2477,5022" br="2527,5072"/>
    <subwayLarge name="sub_14680056845641" tl="2017,4792" br="2047,4992"/>
    <superMarketLarge name="com1086550052" tl="1927,4792" br="2017,4872"/>
    <security name="wh1120085655410" tl="2277,5022" br="2367,5082"/>
    <constSite name="constr411084542200" tl="2447,4942" br="2527,4992"/>
    <highway name="hw_128655000562" tl="2667,4832" br="2757,5032"/>
    <subway name="sub_140054451100" tl="2277,5152" br="2477,5182"/>
    <street name="strt7408965152" tl="2247,4792" br="2277,4992"/>
    <streetSmall name="strt0540004620" tl="2047,4992" br="2247,5022"/>
    <officeMedium name="off41464512006485" tl="2137,5242" br="2187,5342"/>
    <officeLarge name="off440005412" tl="2137,5392" br="2247,5552"/>
    <store name="com989565221" tl="1917,5242" br="2017,5292"/>
    <deptStore name="com1979464652" tl="2047,5692" br="2147,5822"/>
    <warehouse name="wh00020552" tl="1617,5762" br="1787,5842"/>
    <warehouseMedium name="wh92879415" tl="1707,5852" br="1787,5952"/>
    <residential name="res6794625413" tl="1746,5402" br="1787,5452"/>
    <resLarge name="res27974613225" tl="1587,5302" br="1667,5372"/>
    <resLarge name="res41874611422" tl="1717,5272" br="1787,5372"/>
    <constSite name="constr487794551" tl="1817,5872" br="1867,5952"/>
    <hospital name="hosp19797465511" tl="1687,5582" br="1787,5702"/>
    <constSite name="constr4788979455" tl="1937,5502" br="2017,5552"/>
    <street name="strt3979745561" tl="1787,5752" br="1817,5952"/>
    <hardwareStoreLarge name="wh989465562" tl="1817,5472" br="1917,5552"/>
    <streetSmall name="strt797946452" tl="1587,5372" br="1787,5402"/>
    <gunStore name="com9464412586" tl="1967,5582" br="2017,5632"/>
    <superMarketLarge name="com87454611" tl="2047,5582" br="2137,5662"/>
    <subwayLarge name="sub_133354514" tl="2017,5242" br="2047,5442"/>
    <superMarket name="com47946222144" tl="2047,5502" br="2097,5552"/>
    <substreet name="substreet_879441622" tl="1497,5552" br="1556,5752"/>
    <highway name="hw_127979446" tl="1467,5752" br="1557,5952"/>
    <street name="strt718879465222" tl="2047,5552" br="2247,5582"/>
    <parkLarge name="park897978646122" tl="1817,5612" br="1878,5712"/>
    <security name="sec56431344441" tl="2187,5242" br="2247,5332"/>
    <subway name="sub_8794622445" tl="1817,5742" br="2017,5772"/>
    <policeLarge name="pol_00974641144" tl="2127,5822" br="2247,5952"/>
    <superMarket name="com43849494555" tl="827,5162" br="877,5212"/>
    <residential name="res68902313443222" tl="1377,4791" br="1427,4832"/>
    <subway name="sub_1489797464555" tl="1427,4902" br="1627,4932"/>
    <substreet name="substreet_979494622" tl="719,5237" br="778,5437"/>
    <warehouse name="wh98221112424563" tl="907,4822" br="1077,4902"/>
    <warehouseMedium name="wh11797946461" tl="1037,4932" br="1137,5012"/>
    <hardwareStoreLarge name="wh9877702314512414" tl="1167,5112" br="1247,5212"/>
    <resLarge name="res41337979772456112" tl="1437,4792" br="1507,4892"/>
    <officeLarge name="off448979749462" tl="1327,4952" br="1487,5062"/>
    <resLarge name="resLrg701464223322" tl="1527,5092" br="1657,5212"/>
    <highway name="hw_12332455579746" tl="1217,5362" br="1307,5562"/>
    <constSite name="constr479794622" tl="907,5072" br="987,5122"/>
    <warehouse name="wh00777450895533" tl="1137,4932" br="1247,5062"/>
    <street name="strt7188897441" tl="1047,4902" br="1247,4932"/>
    <officeLarge name="off8889497855" tl="1522,4957" br="1632,5057"/>
    <officeMedium name="off4100789494652888" tl="1277,4962" br="1327,5062"/>
    <superMarketLarge name="com133231456772" tl="1277,4822" br="1367,4902"/>
    <hospital name="hosp19856589779746" tl="757,4932" br="877,5032"/>
    <policeLarge name="pol_008494962" tl="1357,5432" br="1487,5552"/>
    <streetSmall name="strt7608949455" tl="907,4762" br="1107,4792"/>
    <subwayLarge name="sub_14687949465" tl="878,4928" br="908,5128"/>
    <security name="sec89746189521464" tl="1277,5152" br="1367,5212"/>
    <parkLarge name="park87985562" tl="905,5242" br="1065,5323"/>
    <substreet name="substreet_88497446522" tl="1061,5243" br="1120,5443"/>
    <substreet name="substreet_8494655511" tl="843,5238" br="902,5438"/>
    <gunStore name="com38154416465888" tl="1657,5012" br="1707,5062"/>
    <street name="strt7188994652" tl="1277,5062" br="1477,5092"/>
    <resLarge name="res27946652" tl="1557,4792" br="1627,4872"/>
    <resLarge name="res245566331" tl="1627,4792" br="1697,4872"/>
    <constSite name="constr484233312" tl="1737,4792" br="1787,4872"/>
    <subwayLarge name="sub_184623214232" tl="2132,3982" br="2162,4182"/>
    <highway name="hw_12331223" tl="2667,4452" br="2757,4652"/>
    <highway name="hw_1233" tl="737,4212" br="827,4412"/>
    <parkLarge name="park0446523" tl="2557,4082" br="2607,4182"/>
    <officeLarge name="off449024777722" tl="1857,4552" br="2017,4662"/>
    <officeLarge name="off80031122444" tl="2097,4592" br="2197,4702"/>
    <residential name="res68903222" tl="1737,4211" br="1787,4252"/>
    <hospital name="hosp19856527985224" tl="1847,4212" br="1947,4332"/>
    <gunStore name="com300077885523" tl="2282,4687" br="2332,4737"/>
    <superMarket name="com43441488577" tl="2197,4132" br="2247,4182"/>
    <superMarketLarge name="com13322111" tl="1937,4442" br="2017,4532"/>
    <constSite name="constr4112000132222" tl="2047,4442" br="2097,4522"/>
    <streetSmall name="strt7423232211" tl="2277,4652" br="2477,4682"/>
    <deptStore name="com14456522233" tl="2277,4442" br="2407,4542"/>
    <warehouseMedium name="wh971103221444" tl="1817,4442" br="1897,4542"/>
    <subway name="sub_146465885522" tl="1817,4662" br="2017,4692"/>
    <resLarge name="res232452111" tl="1707,3982" br="1787,4062"/>
    <resLarge name="res2333144452" tl="1587,4102" br="1667,4182"/>
    <resLarge name="res41332456112" tl="1687,4092" br="1787,4162"/>
    <resLarge name="res410334442656" tl="1587,3982" br="1687,4052"/>
    <constSite name="constr444452231" tl="2167,3982" br="2247,4032"/>
    <street name="strt74603211222" tl="2527,4442" br="2557,4642"/>
    <street name="strt746611123333" tl="1787,4212" br="1817,4412"/>
    <parkLarge name="park00232278442" tl="2277,4022" br="2377,4072"/>
    <substreet name="substreet_033335412" tl="2327,4072" br="2527,4131"/>
    <police name="pol_01222200087946" tl="2567,4292" br="2697,4412"/>
    <security name="wh112552334745231" tl="2117,4442" br="2177,4532"/>
    <hardwareStoreLarge name="wh9822183333" tl="2447,4212" br="2527,4312"/>
    <warehouse name="wh00222320895533" tl="2277,4282" br="2387,4412"/>
    <warehouse name="wh00015652" tl="2047,4332" br="2217,4412"/>
    <warehouseMedium name="wh971222487" tl="2047,4212" br="2127,4312"/>
    <substreet name="substreet_810111203" tl="2277,4153" br="2477,4212"/>
    <residential name="res6891174462" tl="1647,4691" br="1697,4732"/>
    <resLarge name="res222246111" tl="1707,4692" br="1787,4762"/>
    <street name="strt76701112187465" tl="1247,4212" br="1277,4412"/>
    <warehouse name="wh9822245112263" tl="1447,4582" br="1617,4662"/>
    <residential name="res68900777797465" tl="1197,4211" br="1247,4252"/>
    <officeMedium name="off410077888" tl="1277,3982" br="1327,4082"/>
    <officeLarge name="off8879441100" tl="1337,4072" br="1437,4182"/>
    <deptStore name="com1480116765" tl="1277,4282" br="1377,4412"/>
    <store name="com3208741000" tl="1277,4542" br="1327,4642"/>
    <gunStore name="com38154111551" tl="1192,4697" br="1242,4747"/>
    <constSite name="constr48465211" tl="917,4462" br="997,4512"/>
    <constSite name="constr4057920213" tl="1507,4332" br="1557,4412"/>
    <resLarge name="res4100164179849" tl="1027,4342" br="1127,4412"/>
    <resLarge name="resLrg7055652000" tl="1027,4212" br="1147,4342"/>
    <street name="strt7108974465" tl="797,4412" br="997,4442"/>
    <street name="strt71120087465" tl="1447,4552" br="1647,4582"/>
    <streetSmall name="strt760001547" tl="1097,3982" br="1127,4182"/>
    <superMarketLarge name="com100046782" tl="1132,4097" br="1222,4177"/>
    <hardwareStoreLarge name="wh987770002" tl="1577,4462" br="1677,4542"/>
    <warehouseMedium name="wh97110000564" tl="1687,4582" br="1787,4662"/>
    <warehouse name="wh000895533" tl="1447,4442" br="1577,4552"/>
    <hospital name="hosp797946452200" tl="867,4512" br="997,4642"/>
    <police name="pol_00087946" tl="1087,4442" br="1207,4572"/>
    <security name="sec89746131144" tl="1467,4122" br="1557,4182"/>
    <subwayLarge name="sub_14687962223" tl="1277,4662" br="1477,4692"/>
    <subway name="sub_1466765222" tl="1557,4212" br="1587,4412"/>
    <substreet name="substreet_784546" tl="967,4212" br="1026,4412"/>
    <substreet name="substreet_12446794613" tl="867,3982" br="926,4182"/>
    <parkLarge name="park856774143" tl="927,4082" br="977,4182"/>
    <parkLarge name="park888795" tl="1277,4442" br="1417,4512"/>
    <parkLarge name="park12879412567" tl="2587,3902" br="2667,3972"/>
    <substreet name="substreet_12233312" tl="2527,3772" br="2586,3972"/>
    <substreet name="substreet_89546579155" tl="2668,3772" br="2727,3972"/>
    <substreet name="substreet_1248595" tl="697,3693" br="897,3752"/>
    <resLarge name="res41179849" tl="1717,3852" br="1787,3952"/>
    <streetSmall name="strt767845143" tl="1587,3722" br="1787,3752"/>
    <street name="strt7187465" tl="1127,3952" br="1327,3982"/>
    <parkLarge name="park10102" tl="977,3672" br="1077,3722"/>
    <residential name="res664487241" tl="1277,3681" br="1327,3722"/>
    <residential name="res689797465" tl="1967,3911" br="2017,3952"/>
    <residential name="res12312441258879" tl="2277,3651" br="2317,3692"/>
    <officeMedium name="off411117878465" tl="2317,3902" br="2417,3952"/>
    <hardwareStoreLarge name="wh9871175454" tl="2147,3872" br="2247,3952"/>
    <warehouse name="wh0049979765" tl="927,3842" br="1057,3952"/>
    <superMarketLarge name="com1899777465" tl="2047,3572" br="2127,3662"/>
    <deptStore name="com5112431123" tl="1457,3752" br="1557,3882"/>
    <store name="com32979797445" tl="2047,3522" br="2147,3572"/>
    <officeLarge name="off8798846511" tl="2417,3852" br="2527,3952"/>
    <superMarketLarge name="com1794655" tl="2447,3522" br="2527,3612"/>
    <warehouseMedium name="wh58879115444" tl="927,3752" br="1027,3832"/>
    <subway name="sub660842" tl="2327,3742" br="2527,3772"/>
    <parkLarge name="park12352134" tl="2277,3692" br="2377,3742"/>
    <constSite name="constr420213" tl="1197,3562" br="1277,3612"/>
    <constSite name="constr1241541" tl="1817,3522" br="1867,3602"/>
    <parkLarge name="park2688945444" tl="1587,3622" br="1637,3722"/>
    <hospital name="hosp379765688891" tl="1057,3822" br="1187,3952"/>
    <resLarge name="res794643333245" tl="1457,3652" br="1557,3722"/>
    <warehouseMedium name="wh97784656232" tl="817,3852" br="897,3952"/>
    <officeMedium name="off4887722335" tl="2597,3692" br="2697,3742"/>
    <hardwareStoreLarge name="wh9877756132" tl="1707,3622" br="1787,3722"/>
    <street name="strt78787945411" tl="2247,3522" br="2277,3722"/>
    <officeLarge name="off4778956665591" tl="1217,3792" br="1327,3952"/>
    <resLarge name="res4744465513599" tl="1937,3642" br="2017,3722"/>
    <deptStore name="com1489779455" tl="2397,3642" br="2527,3742"/>
    <police name="pol0894656552" tl="1817,3832" br="1947,3952"/>
    <warehouse name="wh982224563" tl="727,3752" br="897,3832"/>
    <resLarge name="res1897976565" tl="1277,3552" br="1357,3632"/>
    <resLarge name="res60872571246" tl="1357,3532" br="1427,3632"/>
    <resLarge name="resLrg74546888" tl="1427,3532" br="1557,3652"/>
    <gunStore name="com387798551" tl="1592,3527" br="1642,3577"/>
    <store name="com77945522" tl="1917,3522" br="2017,3572"/>
    <resLarge name="res46552777" tl="2347,3772" br="2427,3852"/>
    <subway name="sub12304455" tl="1327,3752" br="1357,3952"/>
    <superMarketLarge name="com18794655221" tl="1587,3752" br="1677,3832"/>
    <street name="strt7111442563" tl="2277,3952" br="2477,3982"/>
    <street name="strt74523556" tl="1587,3492" br="1787,3522"/>
    <resLarge name="res675224412" tl="2277,3772" br="2347,3872"/>
    <security name="wh4745231" tl="2187,3527" br="2247,3617"/>
    <hospital name="hosp198565224" tl="2557,3522" br="2677,3622"/>
    <street name="strt7468811153" tl="1807,3152" br="2007,3182"/>
    <streetSmall name="strt4655884" tl="2277,3282" br="2477,3312"/>
    <streetSmall name="strt9487746465132" tl="967,2832" br="997,3032"/>
    <streetSmall name="strt746666845" tl="967,2492" br="997,2692"/>
    <streetSmall name="strt98746411" tl="2497,2262" br="2527,2462"/>
    <streetSmall name="strt9888874641" tl="2727,2032" br="2757,2232"/>
    <superMarket name="com7764655231" tl="4107,2002" br="4157,2052"/>
    <streetSmall name="strt946444332" tl="3967,2002" br="3997,2202"/>
    <streetSmall name="strt76525551" tl="3257,1812" br="3457,1842"/>
    <streetSmall name="strt986237318" tl="1317,982" br="1347,1182"/>
    <store name="com3879646222" tl="3737,1612" br="3787,1662"/>
    <warehouseMedium name="wh218746552" tl="3327,1422" br="3387,1482"/>
    <resLarge name="res78765111132" tl="4027,2252" br="4127,2322"/>
    <superMarket name="com74652331" tl="3817,1332" br="3867,1382"/>
    <security name="sec8776655211" tl="1347,982" br="1437,1042"/>
    <superMarketLarge name="com17454661" tl="767,1342" br="847,1432"/>
    <police name="pol003877746" tl="877,822" br="997,952"/>
    <residential name="res524496" tl="2687,1302" br="2728,1352"/>
    <streetSmall name="strt281117952" tl="3967,1582" br="3997,1782"/>
    <street name="strt46223" tl="3527,1712" br="3727,1742"/>
    <street name="strt7811223" tl="3647,1212" br="3677,1412"/>
    <resLarge name="res184322" tl="3327,1512" br="3377,1612"/>
    <hardwareStoreLarge name="wh8174622" tl="3037,1382" br="3117,1482"/>
    <officeLarge name="off121325744" tl="3187,1262" br="3297,1362"/>
    <officeMedium name="off1917965" tl="3197,1212" br="3297,1262"/>
    <resLarge name="res378411" tl="2457,1272" br="2577,1402"/>
    <warehouse name="wh67465881" tl="2957,1312" br="3037,1482"/>
    <security name="sec3887621" tl="3287,1652" br="3377,1712"/>
    <streetSmall name="strt2811462" tl="2527,1182" br="2727,1212"/>
    <street name="strt1786652" tl="2727,1512" br="2757,1712"/>
    <street name="strt46687751" tl="3117,1212" br="3147,1412"/>
    <superMarketLarge name="com9779463222" tl="2647,1212" br="2727,1302"/>
    <warehouseMedium name="wh2176889" tl="3057,1302" br="3117,1362"/>
    <warehouseMedium name="wh28612443" tl="3057,1212" br="3117,1272"/>
    <warehouseMedium name="wh212443" tl="2267,1302" br="2327,1362"/>
    <warehouseMedium name="wh22776582" tl="1657,892" br="1717,952"/>
    <warehouseMedium name="wh2278995" tl="1487,1212" br="1547,1272"/>
    <warehouseMedium name="wh1788455" tl="1347,1612" br="1407,1672"/>
    <residential name="res6664332198" tl="4122,1712" br="4172,1771"/>
    <streetSmall name="strt133345" tl="1927,1482" br="2127,1512"/>
    <street name="strt76888814" tl="1207,1772" br="1407,1802"/>
    <streetSmall name="strt11116547" tl="957,1572" br="987,1772"/>
    <street name="strt722665" tl="1577,952" br="1777,982"/>
    <street name="strt7817546" tl="1147,1212" br="1177,1412"/>
    <warehouse name="wh01423" tl="1037,1032" br="1147,1162"/>
    <hospital name="hosp38796511" tl="1017,822" br="1147,952"/>
    <resLarge name="res117766556" tl="1177,852" br="1227,952"/>
    <resLarge name="res82211899" tl="1177,752" br="1257,832"/>
    <hardwareStoreLarge name="wh11118765" tl="1727,852" br="1807,952"/>
    <officeLarge name="off781774" tl="1387,1072" br="1547,1182"/>
    <superMarket name="com1175564" tl="1757,1132" br="1807,1182"/>
    <deptStore name="com2874332" tl="1707,982" br="1807,1112"/>
    <store name="com763354" tl="1577,982" br="1677,1032"/>
    <store name="com2784566" tl="1577,1082" br="1627,1182"/>
    <officeLarge name="off211232744" tl="1447,1342" br="1547,1452"/>
    <officeMedium name="off37111765" tl="1347,1342" br="1447,1392"/>
    <office name="off97978551" tl="1347,1432" br="1397,1482"/>
    <warehouseMedium name="wh854222731111" tl="2957,1212" br="3037,1312"/>
    <hospital name="hosp887745561" tl="877,1182" br="977,1302"/>
    <resLarge name="res117756" tl="1267,1082" br="1317,1182"/>
    <resLarge name="res3799741" tl="877,1012" br="997,1142"/>
    <superMarketLarge name="com8877931" tl="1457,982" br="1547,1062"/>
    <security name="sec2097451" tl="877,1392" br="937,1482"/>
    <warehouse name="wh278845611" tl="1177,1012" br="1257,1182"/>
    <resLarge name="res8645678" tl="767,1842" br="847,1922"/>
    <resLarge name="res86983" tl="767,1922" br="847,2002"/>
    <police name="pol247644" tl="2627,3062" br="2757,3182"/>
    <superMarketLarge name="com124158891" tl="2527,3092" br="2607,3182"/>
    <hardwareStoreLarge name="wh85232997111" tl="2727,2952" br="2827,3032"/>
    <hardwareStoreLarge name="wh85237111" tl="3307,2002" br="3407,2082"/>
    <resLarge name="res746424579855" tl="3997,1632" br="4097,1702"/>
    <warehouseMedium name="wh9977856" tl="3527,1302" br="3607,1402"/>
    <warehouse name="wh71214566" tl="3817,1682" br="3927,1812"/>
    <hospital name="hosp11235586" tl="3397,1362" br="3497,1482"/>
    <store name="st34000012" tl="3997,1582" br="4097,1632"/>
    <street name="strt78465221" tl="3927,2202" br="4127,2232"/>
    <street name="strt438828282" tl="3787,2002" br="3817,2202"/>
    <store name="com485659" tl="1177,1672" br="1227,1772"/>
    <officeLarge name="off7854622" tl="1037,1802" br="1147,1962"/>
    <resLarge name="res1452" tl="1027,1512" br="1147,1642"/>
    <warehouse name="wh84655" tl="767,1512" br="847,1682"/>
    <warehouseMedium name="wh7989555" tl="877,1512" br="957,1612"/>
    <hardwareStoreLarge name="wh45124522" tl="877,1802" br="957,1902"/>
    <hardwareStoreLarge name="wh85423156111" tl="3527,1212" br="3627,1292"/>
    <officeMedium name="off4122341765" tl="3677,1212" br="3777,1262"/>
    <officeLarge name="off1235556771" tl="3677,1322" br="3787,1482"/>
    <deptStore name="com3145556" tl="3837,1582" br="3967,1682"/>
    <deptStore name="com27648228" tl="3867,1332" br="3967,1462"/>
    <superMarketLarge name="com9335521111" tl="4027,1212" br="4107,1302"/>
    <resLarge name="res746455" tl="4003,1712" br="4073,1812"/>
    <resLarge name="res122221275" tl="3997,1332" br="4097,1402"/>
    <resLarge name="res12345655" tl="4047,1842" br="4167,1972"/>
    <resLarge name="res3211123" tl="3997,1422" br="4117,1552"/>
    <police name="pol1114453" tl="3827,1182" br="3957,1302"/>
    <warehouse name="wh679464111" tl="3417,1512" br="3497,1682"/>
    <resLarge name="res43333458871" tl="1447,3132" br="1547,3202"/>
    <resLarge name="res4787965552" tl="787,2962" br="887,3032"/>
    <resLarge name="resLrg446622337" tl="847,2772" br="967,2902"/>
    <resLarge name="resLrg203045" tl="877,3232" br="1007,3352"/>
    <streetSmall name="strt00876" tl="2007,2952" br="2037,3152"/>
    <street name="strt80643312" tl="1577,2922" br="1777,2952"/>
    <street name="strt89645533215" tl="947,3202" br="1147,3232"/>
    <street name="strt89646533" tl="1317,3362" br="1517,3392"/>
    <street name="strt75146223" tl="2067,1772" br="2267,1802"/>
    <residential name="res487887665" tl="1487,3212" br="1547,3262"/>
    <warehouse name="wh677565652" tl="3257,2152" br="3427,2232"/>
    <warehouseMedium name="wh711452754" tl="3907,2142" br="3967,2202"/>
    <warehouseMedium name="wh777885563" tl="3817,2142" br="3877,2202"/>
    <warehouseMedium name="wh33475" tl="3147,1842" br="3207,1902"/>
    <warehouseMedium name="wh11754" tl="1277,2682" br="1337,2742"/>
    <warehouseMedium name="wh4724666" tl="1487,2172" br="1547,2232"/>
    <warehouseMedium name="wh851123" tl="3417,2002" br="3517,2082"/>
    <residential name="res1794563" tl="3157,2311" br="3207,2352"/>
    <resLarge name="res784533" tl="1007,3232" br="1077,3332"/>
    <resLarge name="res624156" tl="1077,3232" br="1147,3332"/>
    <police name="pol02421" tl="747,3322" br="877,3442"/>
    <deptStore name="com511243" tl="997,2902" br="1097,3032"/>
    <officeLarge name="off87556" tl="997,3062" br="1097,3172"/>
    <officeMedium name="off89466" tl="1097,3062" br="1147,3162"/>
    <street name="strt0514244456" tl="1147,2772" br="1177,2972"/>
    <street name="strt307486" tl="1147,2492" br="1177,2692"/>
    <street name="strt7855612" tl="1597,1612" br="1797,1642"/>
    <resLarge name="res158899" tl="1047,1702" br="1147,1772"/>
    <deptStore name="com85647" tl="1047,1352" br="1147,1482"/>
    <hardwareStore name="hws8214" tl="1357,1512" br="1407,1562"/>
    <store name="com30447" tl="1277,1672" br="1327,1772"/>
    <superMarket name="com46522" tl="1497,1512" br="1547,1562"/>
    <superMarketLarge name="com197855" tl="1327,1682" br="1407,1772"/>
    <officeMedium name="off377852" tl="1397,1802" br="1447,1902"/>
    <resLarge name="res86423" tl="1697,1802" br="1777,1882"/>
    <store name="com64752" tl="1657,1432" br="1757,1482"/>
    <residential name="res71462" tl="1616,1432" br="1657,1482"/>
    <residential name="res77556623" tl="1757,1411" br="1807,1452"/>
    <residential name="res664487" tl="1667,1211" br="1717,1252"/>
    <residential name="res765432" tl="1577,1252" br="1617,1292"/>
    <residential name="res1231244" tl="1577,1211" br="1617,1252"/>
    <resLarge name="res885612" tl="1177,1382" br="1227,1482"/>
    <residential name="res65445231" tl="1577,1302" br="1627,1343"/>
    <resLarge name="res37653144" tl="1627,1292" br="1757,1412"/>
    <residential name="res7989865" tl="1267,1442" br="1317,1483"/>
    <residential name="res19778" tl="1577,1531" br="1617,1572"/>
    <resLarge name="res99855" tl="1707,1512" br="1757,1612"/>
    <residential name="res712344" tl="1757,1531" br="1807,1572"/>
    <warehouseMedium name="wh123566" tl="1747,1672" br="1827,1772"/>
    <deptStore name="com284652" tl="1437,1642" br="1537,1772"/>
    <warehouse name="wh391233" tl="1577,1642" br="1687,1772"/>
    <officeMedium name="off3123" tl="1827,1902" br="1877,2002"/>
    <officeMedium name="off38955" tl="1577,1952" br="1677,2002"/>
    <officeLarge name="off21123" tl="1447,1802" br="1547,1912"/>
    <officeLarge name="off28988" tl="1697,1892" br="1797,2002"/>
    <store name="stor27953" tl="1097,2932" br="1147,3032"/>
    <store name="stor23775" tl="1097,2772" br="1147,2872"/>
    <warehouseMedium name="wh175765" tl="1377,2822" br="1457,2922"/>
    <resLarge name="res602355" tl="1177,2912" br="1277,2982"/>
    <resLarge name="res62355" tl="807,3062" br="877,3162"/>
    <resLarge name="res1116" tl="1307,2952" br="1387,3032"/>
    <resLarge name="res1115" tl="887,2952" br="967,3032"/>
    <resLarge name="res1114" tl="1467,2952" br="1547,3032"/>
    <security name="sec79852" tl="1177,3192" br="1267,3252"/>
    <resLarge name="res608754" tl="1177,2772" br="1277,2842"/>
    <officeMedium name="off41120" tl="1807,3052" br="1857,3152"/>
    <store name="com7658" tl="1577,3052" br="1627,3152"/>
    <residential name="res809776523111" tl="1247,3322" br="1287,3362"/>
    <deptStore name="com1479798413" tl="1177,3062" br="1277,3192"/>
    <superMarketLarge name="com189885656" tl="1317,3282" br="1407,3362"/>
    <street name="strt7637827788" tl="997,2232" br="1197,2262"/>
    <police name="pol874652177" tl="3147,1592" br="3277,1712"/>
    <warehouse name="wh7745213" tl="797,2542" br="967,2622"/>
    <hardwareStore name="hws5477522319" tl="917,2492" br="967,2542"/>
    <resLarge name="res10223311" tl="767,2382" br="847,2462"/>
    <store name="stor2344009" tl="847,2362" br="897,2462"/>
    <resLarge name="res1147553" tl="897,2362" br="967,2462"/>
    <residential name="res118775" tl="927,2262" br="968,2312"/>
    <residential name="res568833" tl="1347,2412" br="1388,2462"/>
    <resLarge name="res34456552778" tl="1007,2622" br="1137,2742"/>
    <residential name="res0008775" tl="1097,2002" br="1147,2052"/>
    <hardwareStore name="hws8744633" tl="877,2032" br="927,2082"/>
    <residential name="res15768" tl="1037,2052" br="1077,2092"/>
    <resLarge name="res752110" tl="997,2132" br="1067,2232"/>
    <gunStore name="gun31007745" tl="1097,2182" br="1147,2232"/>
    <police name="pol003837474" tl="877,2102" br="997,2232"/>
    <superMarketLarge name="com1007855" tl="1177,2002" br="1267,2082"/>
    <store name="com55668877" tl="2037,1512" br="2087,1612"/>
    <residential name="res7879797" tl="1957,1801" br="2007,1842"/>
    <warehouseMedium name="wh0321023" tl="2097,1512" br="2177,1612"/>
    <warehouse name="wh10334573" tl="2157,1392" br="2327,1472"/>
    <resLarge name="res8899" tl="1957,1922" br="2037,2002"/>
    <security name="sec2095445631" tl="2037,1422" br="2127,1482"/>
    <hospital name="hosp10544688" tl="2007,1212" br="2127,1312"/>
    <warehouseMedium name="wh01244756" tl="1927,1532" br="2027,1612"/>
    <superMarketLarge name="com10078763" tl="1837,1532" br="1927,1612"/>
    <warehouse name="wh200856" tl="1827,1692" br="1997,1772"/>
    <warehouseMedium name="wh000458453" tl="2157,1282" br="2257,1362"/>
    <warehouse name="wh0054833" tl="1837,1372" br="1967,1482"/>
    <warehouseMedium name="wh0008453" tl="1237,1212" br="1317,1312"/>
    <residential name="res862347" tl="2936,1762" br="2977,1812"/>
    <residential name="res8895530" tl="2897,1762" br="2938,1812"/>
    <hardwareStore name="hws80066" tl="3017,1742" br="3067,1792"/>
    <hardwareStore name="hws8654" tl="2807,1742" br="2857,1792"/>
    <residential name="res1115445" tl="1497,2742" br="1547,2801"/>
    <warehouseMedium name="wh5547899" tl="1177,2662" br="1277,2742"/>
    <office name="off1535789" tl="1267,2262" br="1317,2312"/>
    <residential name="res3775660857" tl="1177,2392" br="1227,2433"/>
    <superMarket name="com8590246" tl="1237,2412" br="1287,2462"/>
    <resLarge name="res9900982" tl="1177,2262" br="1247,2362"/>
    <store name="com3257484890" tl="1497,2032" br="1547,2132"/>
    <warehouseMedium name="wh840776742" tl="1347,2022" br="1427,2122"/>
    <resLarge name="res6087797946" tl="1577,3192" br="1677,3262"/>
    <warehouse name="wh988556644" tl="1597,3262" br="1767,3342"/>
    <warehouseMedium name="wh1122455" tl="1677,3072" br="1777,3152"/>
    <police name="pol0277744421" tl="1647,2952" br="1777,3072"/>
    <hardwareStore name="hws532777" tl="1907,1802" br="1957,1852"/>
    <hardwareStore name="hws874455" tl="1577,2952" br="1627,3002"/>
    <hardwareStore name="hws2754" tl="2087,2872" br="2137,2922"/>
    <hardwareStore name="hws784522" tl="2267,2552" br="2317,2602"/>
    <hardwareStore name="hws985334667" tl="1447,2642" br="1497,2692"/>
    <security name="sec2900887" tl="1297,2492" br="1357,2582"/>
    <store name="com334046630" tl="1497,2592" br="1547,2692"/>
    <deptStore name="com5008786677" tl="1177,2492" br="1277,2622"/>
    <warehouseMedium name="wh5634478" tl="1367,2492" br="1447,2592"/>
    <superMarket name="com4344102666" tl="1447,2492" br="1497,2542"/>
    <officeMedium name="off487786555" tl="2097,2222" br="2147,2322"/>
    <resLarge name="res398799665" tl="1577,1802" br="1697,1932"/>
    <residential name="res489797646465" tl="1807,2872" br="1867,2922"/>
    <residential name="res420098776574" tl="2407,2881" br="2447,2922"/>
    <resLarge name="res12000093838" tl="1907,1902" br="1957,2002"/>
    <warehouse name="wh39384805" tl="2137,1662" br="2267,1772"/>
    <resLarge name="res198835" tl="1467,2382" br="1547,2462"/>
    <residential name="res18098875345" tl="1577,2151" br="1627,2192"/>
    <residential name="res809988777" tl="1677,2722" br="1717,2762"/>
    <superMarketLarge name="com98676770" tl="1577,2262" br="1657,2352"/>
    <residential name="res3499083" tl="1577,2722" br="1627,2772"/>
    <residential name="res4146908654" tl="1727,2722" br="1777,2772"/>
    <residential name="res245009876" tl="1807,2722" br="1857,2781"/>
    <residential name="res187655409" tl="1727,2632" br="1777,2692"/>
    <store name="com98655" tl="1727,2492" br="1777,2542"/>
    <residential name="res009883" tl="1737,2262" br="1778,2312"/>
    <residential name="res51999887" tl="2037,2251" br="2087,2292"/>
    <resLarge name="res100009898" tl="2757,1232" br="2837,1312"/>
    <streetSmall name="strt3965554423" tl="1777,2032" br="1807,2232"/>
    <hospital name="hosp76788889" tl="1177,1512" br="1297,1612"/>
    <store name="com30544122235" tl="1667,2362" br="1717,2462"/>
    <residential name="res29866" tl="1727,2312" br="1777,2362"/>
    <superMarketLarge name="com12664561223" tl="1647,2602" br="1727,2692"/>
    <resLarge name="res987542356" tl="1807,2162" br="1907,2232"/>
    <resLarge name="res12998887" tl="2957,1612" br="3007,1712"/>
    <resLarge name="res3998787" tl="1647,2112" br="1777,2232"/>
    <residential name="res203344556" tl="1576,2412" br="1617,2462"/>
    <gunStore name="gs9345556" tl="1577,2032" br="1627,2082"/>
    <resLarge name="res8023452" tl="2607,1512" br="2687,1592"/>
    <residential name="res182445622" tl="2037,2171" br="2087,2212"/>
    <office name="off15" tl="1857,2492" br="1907,2542"/>
    <residential name="res274236788" tl="1807,2492" br="1857,2542"/>
    <streetSmall name="strt34566234" tl="1547,2262" br="1577,2462"/>
    <superMarketLarge name="com1636878843" tl="3527,1632" br="3617,1712"/>
    <residential name="res8377665" tl="1617,2352" br="1658,2402"/>
    <hardwareStore name="hws12666778" tl="1957,2412" br="2007,2462"/>
    <resLarge name="res10245667888" tl="2457,1402" br="2537,1482"/>
    <security name="sec3142223333" tl="3527,1842" br="3617,1902"/>
    <warehouseMedium name="wh854231111" tl="3417,1872" br="3497,1972"/>
    <warehouseMedium name="wh854463" tl="2757,2492" br="2837,2592"/>
    <residential name="res4811111111" tl="2337,3232" br="2397,3282"/>
    <store name="com1588977996" tl="2757,2872" br="2807,2922"/>
    <warehouseMedium name="wh42115873" tl="2627,2952" br="2727,3032"/>
    <warehouseMedium name="wh8533456" tl="3477,2262" br="3577,2342"/>
    <warehouseMedium name="wh1759403" tl="1907,2612" br="2007,2692"/>
    <residential name="res2054422229" tl="1926,2492" br="1967,2542"/>
    <streetSmall name="strt7664465443321" tl="2237,2602" br="2437,2632"/>
    <officeMedium name="off1586655" tl="2327,2642" br="2427,2692"/>
    <gunStore name="gs9571292" tl="2267,2642" br="2317,2692"/>
    <store name="com3796564433" tl="3257,2002" br="3307,2052"/>
    <residential name="res13796565" tl="3257,2052" br="3298,2092"/>
    <residential name="res89556644321" tl="3257,2092" br="3307,2151"/>
    <warehouse name="wh71233444" tl="3817,2002" br="3947,2112"/>
    <warehouse name="wh797461" tl="3997,2032" br="4077,2202"/>
    <tutorialStore name="com385" tl="2037,2412" br="2087,2462"/>
    <residential name="res646889553" tl="2677,2302" br="2727,2362"/>
    <resLarge name="res60" tl="2657,2822" br="2727,2922"/>
    <security name="wh4797888886" tl="2437,3182" br="2497,3272"/>
    <store name="com32" tl="3237,2412" br="3337,2462"/>
    <gunStore name="com31" tl="1807,2952" br="1857,3002"/>
    <store name="com30" tl="3127,2132" br="3177,2232"/>
    <superMarket name="com20" tl="1877,3192" br="1927,3242"/>
    <store name="com21" tl="1957,3002" br="2007,3052"/>
    <deptStore name="com22" tl="1877,3052" br="2007,3152"/>
    <officeLarge name="off449098" tl="1617,2812" br="1777,2922"/>
    <office name="off42" tl="2387,3182" br="2437,3232"/>
    <office name="off41" tl="1857,2952" br="1907,3002"/>
    <officeMedium name="off40" tl="1907,2952" br="2007,3002"/>
    <hospital name="hosp10" tl="2127,3182" br="2247,3282"/>
    <residential name="res91" tl="2277,3201" br="2327,3242"/>
    <residential name="res90" tl="2077,3222" br="2127,3282"/>
    <warehouse name="wh8" tl="3427,2122" br="3557,2232"/>
    <warehouse name="wh9" tl="3797,2232" br="3967,2312"/>
    <security name="sec10" tl="2637,1422" br="2727,1482"/>
    <residential name="res34" tl="2677,2492" br="2727,2542"/>
    <warehouse name="wh7" tl="3657,2092" br="3787,2202"/>
    <officeMedium name="off25" tl="2037,3102" br="2137,3152"/>
    <officeMedium name="off26" tl="2137,3102" br="2237,3152"/>
    <deptStore name="com19" tl="2367,3052" br="2497,3152"/>
    <store name="com17" tl="2237,3102" br="2287,3152"/>
    <superMarketLarge name="com18" tl="2287,3062" br="2367,3152"/>
    <residential name="res52" tl="2447,2951" br="2497,2992"/>
    <residential name="res49" tl="2077,3022" br="2118,3072"/>
    <residential name="res51" tl="2387,2951" br="2437,2992"/>
    <security name="sec8" tl="2327,2952" br="2387,3042"/>
    <residential name="res50" tl="2247,2951" br="2287,2992"/>
    <residential name="res48" tl="2137,2952" br="2197,3002"/>
    <resLarge name="res47" tl="2037,2952" br="2137,3022"/>
    <store name="com12" tl="2037,2872" br="2087,2922"/>
    <warehouse name="wh100844563" tl="2297,1512" br="2467,1592"/>
    <warehouse name="wh2453358" tl="2297,1692" br="2467,1772"/>
    <warehouse name="wh3" tl="2467,1642" br="2577,1772"/>
    <residential name="res17" tl="3157,2261" br="3207,2302"/>
    <store name="com15" tl="2757,2772" br="2807,2822"/>
    <store name="com3" tl="3067,1742" br="3117,1792"/>
    <store name="com13" tl="2187,2772" br="2237,2822"/>
    <residential name="res41" tl="2187,2722" br="2237,2772"/>
    <residential name="res8" tl="1807,2032" br="1847,2072"/>
    <residential name="res1" tl="2097,1801" br="2137,1842"/>
    <warehouse name="wh5" tl="1877,2722" br="2007,2832"/>
    <warehouseMedium name="wh47779563" tl="1947,2032" br="2007,2092"/>
    <warehouse name="wh6" tl="3617,2002" br="3787,2082"/>
    <hospital name="hosp4" tl="2037,2722" br="2167,2852"/>
    <street name="strt7" tl="2377,2722" br="2407,2922"/>
    <residential name="res40" tl="2837,2642" br="2897,2692"/>
    <officeMedium name="off21" tl="3007,2492" br="3107,2542"/>
    <officeLarge name="off24" tl="2857,2722" br="2967,2882"/>
    <street name="strt8" tl="2757,2922" br="2957,2952"/>
    <security name="sec5" tl="3137,2622" br="3187,2692"/>
    <residential name="res38" tl="2937,2492" br="2987,2542"/>
    <security name="sec7" tl="2757,2722" br="2827,2772"/>
    <officeMedium name="off23" tl="2367,3262" br="2467,3312"/>
    <superMarket name="com16" tl="2677,2722" br="2727,2772"/>
    <residential name="res46" tl="2757,2651" br="2797,2692"/>
    <residential name="res45" tl="2686,1802" br="2727,1852"/>
    <office name="off7" tl="2087,2032" br="2137,2082"/>
    <resLarge name="res15" tl="2827,1412" br="2927,1482"/>
    <resLarge name="res44" tl="2577,2722" br="2647,2822"/>
    <residential name="res43" tl="2527,2722" br="2577,2781"/>
    <residential name="res26" tl="3156,2412" br="3197,2462"/>
    <deptStore name="com14" tl="2267,2722" br="2367,2852"/>
    <residential name="res33" tl="2447,2642" br="2497,2692"/>
    <residential name="res42" tl="2407,2722" br="2448,2762"/>
    <superMarket name="com4345623" tl="1917,2262" br="1967,2312"/>
    <officeMedium name="off20" tl="3737,1842" br="3787,1942"/>
    <residential name="res299876543" tl="2187,2402" br="2237,2461"/>
    <residential name="res28776543688" tl="2107,2512" br="2157,2562"/>
    <residential name="res276654489" tl="2037,2512" br="2087,2562"/>
    <police name="pol309887644" tl="2037,2562" br="2157,2692"/>
    <residential name="res35" tl="2677,2542" br="2727,2592"/>
    <residential name="res32" tl="2447,2572" br="2497,2622"/>
    <residential name="res9" tl="2037,2032" br="2087,2082"/>
    <residential name="res85" tl="3367,2262" br="3417,2312"/>
    <residential name="res22" tl="2527,2412" br="2577,2462"/>
    <residential name="res81" tl="2607,2262" br="2657,2312"/>
    <office name="off6" tl="2577,1852" br="2627,1902"/>
    <office name="off9" tl="2757,1662" br="2807,1712"/>
    <residential name="res31" tl="2357,2542" br="2407,2602"/>
    <residential name="res20" tl="2266,2362" br="2307,2412"/>
    <residential name="res21" tl="2266,2412" br="2307,2462"/>
    <residential name="res19" tl="1807,2402" br="1857,2462"/>
    <residential name="res5" tl="2607,1591" br="2657,1632"/>
    <officeMedium name="off1" tl="2217,1902" br="2267,2002"/>
    <superMarketLarge name="com1" tl="2177,1802" br="2267,1882"/>
    <deptStore name="com298799" tl="2137,2032" br="2237,2162"/>
    <deptStore name="com10" tl="2527,2492" br="2657,2592"/>
    <street name="strt6" tl="2987,2462" br="3187,2492"/>
    <residential name="res37" tl="2887,2492" br="2937,2551"/>
    <residential name="res39" tl="2797,2651" br="2837,2692"/>
    <streetSmall name="strt3989900009" tl="1887,2262" br="1917,2462"/>
    <street name="strt1" tl="2497,1802" br="2527,2002"/>
    <streetSmall name="strt2897655444" tl="2237,2032" br="2267,2232"/>
    <street name="strt4" tl="2857,1812" br="3057,1842"/>
    <street name="strt5" tl="2527,2462" br="2727,2492"/>
    <resLarge name="res365" tl="2037,1882" br="2167,2002"/>
    <security name="sec2" tl="2037,2082" br="2097,2172"/>
    <superMarketLarge name="com5789865" tl="2267,2262" br="2347,2352"/>
    <security name="sec1" tl="2667,1882" br="2727,1972"/>
    <security name="sec4987654" tl="1307,1802" br="1397,1862"/>
    <security name="sec3" tl="3287,2262" br="3347,2352"/>
    <officeMedium name="off16" tl="2527,2312" br="2577,2412"/>
    <residential name="res83" tl="2567,2262" br="2608,2312"/>
    <office name="off15988765" tl="2447,2412" br="2497,2462"/>
    <officeMedium name="off3" tl="2397,1952" br="2497,2002"/>
    <residential name="res6" tl="2438,1902" br="2497,1952"/>
    <residential name="res2" tl="2407,1802" br="2457,1861"/>
    <officeLarge name="off2" tl="2297,1802" br="2407,1902"/>
    <office name="off5" tl="2527,1852" br="2577,1902"/>
    <officeMedium name="off4" tl="2527,1802" br="2627,1852"/>
    <residential name="res7" tl="2597,1921" br="2647,1962"/>
    <hospital name="hosp1" tl="2607,1672" br="2727,1772"/>
    <hospital name="hosp5" tl="2607,2592" br="2727,2692"/>
    <officeLarge name="off12" tl="3117,2002" br="3227,2102"/>
    <officeLarge name="off14" tl="2577,2352" br="2677,2462"/>
    <residential name="res3" tl="2637,1802" br="2678,1842"/>
    <playerCompound name="pc1" tl="2037,2322" br="2117,2402"/>
    <officeMedium name="off8353122" tl="2397,2112" br="2497,2162"/>
    <resLarge name="res101235678" tl="2417,2032" br="2497,2112"/>
    <officeLarge name="off130087" tl="1387,2262" br="1547,2372"/>
    <officeLarge name="off11" tl="2817,1552" br="2927,1712"/>
    <hospital name="hosp3" tl="3285,1842" br="3415,1972"/>
    <superMarketLarge name="com11" tl="3007,2602" br="3087,2692"/>
    <residential name="res245663612" tl="2677,2422" br="2727,2463"/>
    <resLarge name="res12" tl="2677,2032" br="2727,2132"/>
    <residential name="res16" tl="2647,2132" br="2697,2191"/>
    <residential name="res89" tl="3177,2132" br="3227,2191"/>
    <superMarketLarge name="com8" tl="3207,2262" br="3287,2352"/>
    <superMarketLarge name="com9" tl="3027,1632" br="3117,1712"/>
    <residential name="res11" tl="2526,2032" br="2567,2082"/>
    <hospital name="hosp277898654" tl="2267,2032" br="2397,2162"/>
    <superMarket name="com6546674" tl="2457,1212" br="2507,1262"/>
    <resLarge name="res14" tl="2877,1842" br="2957,1922"/>
    <residential name="res88" tl="2957,1932" br="3007,1973"/>
    <residential name="res87" tl="2877,1271" br="2927,1312"/>
    <officeMedium name="off19" tl="3067,1872" br="3117,1972"/>
    <officeMedium name="off18" tl="2757,1852" br="2857,1902"/>
    <office name="off17" tl="2757,1742" br="2807,1792"/>
    <residential name="res25" tl="2917,1952" br="2958,2002"/>
    <residential name="res13" tl="3147,1932" br="3188,1972"/>
    <superMarket name="com7" tl="2750,1923" br="2800,1973"/>
    <residential name="res18" tl="2527,2101" br="2577,2142"/>
    <office name="off10" tl="2567,2182" br="2617,2232"/>
    <constSiteSmall name="constr849851121" tl="3652,1512" br="3702,1592"/>
    <hardwareStoreLarge name="wh9898464551" tl="4207,4412" br="4287,4512"/>
    <street name="strt89465332555" tl="2977,6353" br="3177,6383"/>
    <street name="strt79164537" tl="2427,1282" br="2457,1482"/>
    <residential name="res48112" tl="1177,2982" br="1237,3032"/>
    <residential name="res2066666" tl="1316,3192" br="1357,3242"/>
    <hardwareStore name="hws2737354" tl="1177,3312" br="1227,3362"/>
    <hospital name="hosp4987661444" tl="1317,3062" br="1447,3192"/>
    <street name="strt80" tl="2037,2692" br="2237,2722"/>
  </areas>
</map>